市町村コード,ため池コード番号,名称,名称_カナ,都道府県,市区町村,住所,担当課,堤高(m),堤頂長(m),総貯水量(千m3),緯度,経度,ハザードマップ作成状況：作成の状況,ため池ＨＭ・浸水想定区域図　ＵＲＬ
372030,372030001,玉川池,タマガワイケ,香川県,坂出市,坂出市王越町木沢字東山335,坂出市農林水産課,16.8,151,125,34.36611111,133.92805556,○,https://www.city.sakaide.lg.jp/uploaded/attachment/6607.pdf
372030,372030002,真元池,サネモトイケ,香川県,坂出市,坂出市青海町1101,坂出市農林水産課,7.2,330,150,34.34388889,133.91805556,○,https://www.city.sakaide.lg.jp/uploaded/attachment/6610.pdf
372030,372030003,鞍谷池,クラタニイケ,香川県,坂出市,坂出市高屋町2049,坂出市農林水産課,15,100,110,34.32888889,133.92194444,○,https://www.city.sakaide.lg.jp/uploaded/attachment/6610.pdf
372030,372030004,四手池,シデイケ,香川県,坂出市,坂出市府中町字四手2781,坂出市農林水産課,10.1,175,500,34.27611111,133.91000000,○,https://www.city.sakaide.lg.jp/uploaded/attachment/6611.pdf
372030,372030005,鎌田池（下池）,カマダ,香川県,坂出市,坂出市小山町353,坂出市農林水産課,6.6,710,453.3,34.30194444,133.85111111,○,https://www.city.sakaide.lg.jp/uploaded/attachment/6712.pdf
372030,372030006,貯水池（上池）,チョスイチ,香川県,坂出市,坂出市小山町318,坂出市農林水産課,3.9,212,140,34.29388889,133.85388889,〇,https://www.city.sakaide.lg.jp/uploaded/attachment/6609.pdf
372030,372030007,新池,シンイケ,香川県,坂出市,坂出市川津町奥1819,坂出市農林水産課,13.2,143,102,34.29888889,133.87500000,○,https://www.city.sakaide.lg.jp/uploaded/attachment/6609.pdf
372030,372030008,奥池,オクイケ,香川県,坂出市,坂出市川津町奥1822,坂出市農林水産課,13.2,165,233.08,34.29888889,133.87694444,○,https://www.city.sakaide.lg.jp/uploaded/attachment/6609.pdf
372030,372030010,奧池上池,オクイケウワイケ,香川県,坂出市,坂出市大屋冨町2305,坂出市農林水産課,8.6,107,31.4,34.35388889,133.91000000,○,https://www.city.sakaide.lg.jp/uploaded/attachment/10250.pdf
372030,372030011,奥池下池,オクイケシタイケ,香川県,坂出市,坂出市大屋冨町2304,坂出市農林水産課,8.5,84,8.8,34.35305556,133.90888889,○,https://www.city.sakaide.lg.jp/uploaded/attachment/10250.pdf
372030,372030012,ハス池,ハスイケ,香川県,坂出市,坂出市川津町5808,坂出市農林水産課,2.4,598,50,34.28500000,133.84194444,,https://www.city.sakaide.lg.jp/uploaded/attachment/25024.pdf
372030,372030014,坂折池,サカオリイケ,香川県,坂出市,坂出市林田町字雄山2516,坂出市農林水産課,5.2,74,7,34.33611111,133.89500000,,https://www.city.sakaide.lg.jp/uploaded/attachment/25025.pdf
372030,372030016,サラ池,サライケ,香川県,坂出市,坂出市王越町木沢字山田1196,坂出市農林水産課,6.6,108,10.1,34.36694444,133.91611111,,https://www.city.sakaide.lg.jp/uploaded/attachment/25026.pdf
372030,372030019,下峰池,シモミネイケ,香川県,坂出市,坂出市王越町2000,坂出市農林水産課,13,55,18,34.37194444,133.89500000,,https://www.city.sakaide.lg.jp/uploaded/attachment/25027.pdf
372030,372030030,宝池,タカライケ,香川県,坂出市,坂出市府中町字松岡1494,坂出市農林水産課,9.5,58,85,34.28805556,133.93611111,○,https://www.city.sakaide.lg.jp/uploaded/attachment/10249.pdf
372030,372030032,上所上池,ジョウショウワイケ,香川県,坂出市,坂出市府中町字前谷上所33,坂出市農林水産課,6.2,103,18,34.30000000,133.93611111,,https://www.city.sakaide.lg.jp/uploaded/attachment/25028.pdf
372030,372030033,上所下池,ジョウショシタイケ,香川県,坂出市,坂出市府中町字前谷上所34,坂出市農林水産課,8.2,136,21,34.30000000,133.93694444,,https://www.city.sakaide.lg.jp/uploaded/attachment/25029.pdf
372030,372030035,耕地整理池,コウチセイリイケ,香川県,坂出市,坂出市府中町字額大猿3392-8,坂出市農林水産課,16,93,49.3,34.28500000,133.89888889,,https://www.city.sakaide.lg.jp/uploaded/attachment/25030.pdf
372030,372030036,新池,シンイケ,香川県,坂出市,坂出市府中町字西山4681,坂出市農林水産課,7.2,126,12,34.29194444,133.91111111,,https://www.city.sakaide.lg.jp/uploaded/attachment/25031.pdf
372030,372030037,廣谷池,ヒロタニイケ,香川県,坂出市,坂出市府中町字北谷4755,坂出市農林水産課,11.5,107,35,34.29500000,133.90888889,,https://www.city.sakaide.lg.jp/uploaded/attachment/24930.pdf
372030,372030038,宮池,ミヤイケ,香川県,坂出市,坂出市加茂町字杉尾202,坂出市農林水産課,6,60,2.5,34.30305556,133.92388889,,https://www.city.sakaide.lg.jp/uploaded/attachment/25032.pdf
372030,372030039,亀池,カメイケ,香川県,坂出市,坂出市加茂町字杉尾122,坂出市農林水産課,6,156.6,9,34.30194444,133.92111111,○,https://www.city.sakaide.lg.jp/uploaded/attachment/14995.pdf
372030,372030041,大正池,タイショウイケ,香川県,坂出市,坂出市大屋冨町3074,坂出市農林水産課,9.3,83,1,34.35458333,133.90369444,,https://www.city.sakaide.lg.jp/uploaded/attachment/25086.pdf
372030,372030044,六ツ林池,ムツバヤシイケ,香川県,坂出市,坂出市青海町甲1255,坂出市農林水産課,6.2,232,33.7,34.34694444,133.91194444,○,https://www.city.sakaide.lg.jp/uploaded/attachment/14996.pdf
372030,372030047,鈴木下池,スズキシタイケ,香川県,坂出市,坂出市王越町木沢字山田1744,坂出市農林水産課,6.5,74,1.6,34.36600000,133.91600000,,https://www.city.sakaide.lg.jp/uploaded/attachment/25033.pdf
372030,372030049,三番池,サンバンイケ,香川県,坂出市,坂出市王越町乃生字東分848,坂出市農林水産課,6,18,5,34.36700000,133.91100000,○,https://www.city.sakaide.lg.jp/uploaded/attachment/11922.pdf
372030,372030050,通池,トオリイケ,香川県,坂出市,坂出市王越町乃生字東分811,坂出市農林水産課,5.8,108,3.9,34.36600000,133.91100000,,https://www.city.sakaide.lg.jp/uploaded/attachment/25034.pdf
372030,372030052,西ノ池,ニシノイケ,香川県,坂出市,坂出市王越町乃生字寺山302,坂出市農林水産課,6.6,95,5.5,34.37100000,133.90400000,,https://www.city.sakaide.lg.jp/uploaded/attachment/25035.pdf
372030,372030053,小原清池,オバラキヨイケ,香川県,坂出市,坂出市青海町1132,坂出市農林水産課,6.3,84,4,34.34600000,133.92000000,,https://www.city.sakaide.lg.jp/uploaded/attachment/25087.pdf
372030,372030054,新池,シンイケ,香川県,坂出市,坂出市青海町663,坂出市農林水産課,6.3,80,2,34.34500000,133.92200000,,https://www.city.sakaide.lg.jp/uploaded/attachment/25088.pdf
372030,372030056,綾井池,アヤイイケ,香川県,坂出市,坂出市高屋町2019,坂出市農林水産課,6.2,105,5.4,34.33200000,133.91200000,,https://www.city.sakaide.lg.jp/uploaded/attachment/25089.pdf
372030,372030059,馬伴池,ババンイケ,香川県,坂出市,坂出市加茂町字杉尾3,坂出市農林水産課,4,55,2,34.29900000,133.92500000,,https://www.city.sakaide.lg.jp/uploaded/attachment/25036.pdf
372030,372030060,奥池,オクイケ,香川県,坂出市,坂出市府中町字深谷770,坂出市農林水産課,8.2,84,4,34.29900000,133.93300000,,https://www.city.sakaide.lg.jp/uploaded/attachment/25090.pdf
372030,372030064,赤尾池,アカオイケ,香川県,坂出市,坂出市府中町字松岡1489,坂出市農林水産課,4.4,85,28,34.29000000,133.93500000,○,https://www.city.sakaide.lg.jp/uploaded/attachment/10249.pdf
372030,372030065,セビ池,セビイケ,香川県,坂出市,坂出市府中町字鳩穴6086-185地先,坂出市農林水産課,8,66,13,34.28700000,133.93700000,○,https://www.city.sakaide.lg.jp/uploaded/attachment/10249.pdf
372030,372030067,新開池,シンガイイケ,香川県,坂出市,坂出市府中町3004,坂出市農林水産課,7,60,5,34.27500000,133.90700000,,https://www.city.sakaide.lg.jp/uploaded/attachment/25091.pdf
372030,372030068,南新池,ミナミシンイケ,香川県,坂出市,坂出市府中町字迯田下所4536,坂出市農林水産課,6.8,65,5,34.28600000,133.90300000,,https://www.city.sakaide.lg.jp/uploaded/attachment/25037.pdf
372030,372030070,谷池,タニイケ,香川県,坂出市,坂出市府中町5620,坂出市農林水産課,6,55,3,34.29900000,133.90900000,,https://www.city.sakaide.lg.jp/uploaded/attachment/25038.pdf
372030,372030071,原池,ハライケ,香川県,坂出市,坂出市府中町5614,坂出市農林水産課,6.5,95,5,34.29900000,133.90900000,,https://www.city.sakaide.lg.jp/uploaded/attachment/25039.pdf
372030,372030072,文在池,ブンザイイケ,香川県,坂出市,坂出市府中町5674,坂出市農林水産課,7,100,7,34.30000000,133.90800000,,https://www.city.sakaide.lg.jp/uploaded/attachment/25040.pdf
372030,372030073,平場池,ヒラバイケ,香川県,坂出市,坂出市府中町5643,坂出市農林水産課,5.5,70,3,34.30100000,133.90900000,,https://www.city.sakaide.lg.jp/uploaded/attachment/25041.pdf
372030,372030074,本坊前池,ホンボウマエイケ,香川県,坂出市,坂出市府中町5687,坂出市農林水産課,7.5,110,9,34.30100000,133.90700000,,https://www.city.sakaide.lg.jp/uploaded/attachment/25042.pdf
372030,372030075,本坊新池,ホンボウシンイケ,香川県,坂出市,坂出市府中町5719,坂出市農林水産課,9.5,85,7,34.30000000,133.90600000,,https://www.city.sakaide.lg.jp/uploaded/attachment/25043.pdf
372030,372030076,西福寺大池,サイフクジオオイケ,香川県,坂出市,坂出市府中町5819,坂出市農林水産課,6.7,120,24,34.30400000,133.90600000,,https://www.city.sakaide.lg.jp/uploaded/attachment/25044.pdf
372030,372030077,奄池,アンイケ,香川県,坂出市,坂出市府中町5883,坂出市農林水産課,10,90,5,34.30500000,133.90300000,,https://www.city.sakaide.lg.jp/uploaded/attachment/25045.pdf
372030,372030078,前池,マエイケ,香川県,坂出市,坂出市西庄町字醍醐1339,坂出市農林水産課,5.5,100,6,34.30800000,133.90100000,,https://www.city.sakaide.lg.jp/uploaded/attachment/25046.pdf
372030,372030081,野上池,ノガミイケ,香川県,坂出市,坂出市府中町字南前谷345,坂出市農林水産課,6,148,15.7,34.29300000,133.93900000,○,https://www.city.sakaide.lg.jp/uploaded/attachment/10249.pdf
372030,372030084,鈴木上池,スズキカミイケ,香川県,坂出市,坂出市王越町木沢字山田1747,坂出市農林水産課,5.1,59,1.1,34.36500000,133.91600000,,https://www.city.sakaide.lg.jp/uploaded/attachment/25047.pdf
372030,372030087,下池,シタイケ,香川県,坂出市,坂出市王越町乃生字東分912,坂出市農林水産課,5.5,63,13,34.36900000,133.90900000,○,https://www.city.sakaide.lg.jp/uploaded/attachment/11922.pdf
372030,372030088,二番池,ニバンイケ,香川県,坂出市,坂出市王越町乃生字東分897,坂出市農林水産課,6.5,108,17.9,34.36800000,133.91000000,○,https://www.city.sakaide.lg.jp/uploaded/attachment/11922.pdf
372030,372030089,新池,シンイケ,香川県,坂出市,坂出市王越町乃生字南条602,坂出市農林水産課,11,129,22,34.36700000,133.90600000,○,https://www.city.sakaide.lg.jp/uploaded/attachment/11922.pdf
372030,372030090,中池,ナカイケ,香川県,坂出市,坂出市王越町乃生字南条478,坂出市農林水産課,10.4,129,20.8,34.36900000,133.90500000,○,https://www.city.sakaide.lg.jp/uploaded/attachment/11922.pdf
372030,372030092,松ヶ浦池,マツガウライケ,香川県,坂出市,坂出市大屋冨町2303番地他68筆,坂出市農林水産課,12.2,170,90.7,34.35200000,133.90700000,○,https://www.city.sakaide.lg.jp/uploaded/attachment/10250.pdf
372030,372030093,小原若池,オバラワカイケ,香川県,坂出市,坂出市青海町1145,坂出市農林水産課,5.2,63,2.5,34.34600000,133.91900000,,https://www.city.sakaide.lg.jp/uploaded/attachment/25092.pdf
372030,372030098,伝徳池,デントクイケ,香川県,坂出市,坂出市青海町31,坂出市農林水産課,14.1,173,50,34.34300000,133.93400000,○,https://www.city.sakaide.lg.jp/uploaded/attachment/14996.pdf
372030,372030107,摺鉢池,スリバチイケ,香川県,坂出市,坂出市加茂町字牛ﾉ子1593,坂出市農林水産課,5,180,6.3,34.31900000,133.91200000,,https://www.city.sakaide.lg.jp/uploaded/attachment/25048.pdf
372030,372030108,鴻池,コウノイケ,香川県,坂出市,坂出市加茂町字御社窪1607,坂出市農林水産課,7.3,180,29.3,34.30500000,133.92200000,○,https://www.city.sakaide.lg.jp/uploaded/attachment/14995.pdf
372030,372030111,角池,カドイケ,香川県,坂出市,坂出市加茂町字杉尾171,坂出市農林水産課,6,180,25.2,34.30300000,133.92000000,○,https://www.city.sakaide.lg.jp/uploaded/attachment/14995.pdf
372030,372030114,綾坂池,アヤサカイケ,香川県,坂出市,坂出市府中町字深谷737,坂出市農林水産課,5.1,73,6.1,34.29600000,133.93100000,,https://www.city.sakaide.lg.jp/uploaded/attachment/25049.pdf
372030,372030115,深谷中池,フカヤナカイケ,香川県,坂出市,坂出市府中町字深谷764,坂出市農林水産課,6.3,62,4.2,34.29800000,133.93300000,,https://www.city.sakaide.lg.jp/uploaded/attachment/25050.pdf
372030,372030117,鷲山池,ワシヤマイケ,香川県,坂出市,坂出市府中町1709,坂出市農林水産課,8,85,20,34.27300000,133.93800000,,https://www.city.sakaide.lg.jp/uploaded/attachment/25051.pdf
372030,372030127,笹谷下池,ササダニシモイケ,香川県,坂出市,坂出市府中町字山犬谷2870,坂出市農林水産課,12,40,14,34.27500000,133.91600000,,https://www.city.sakaide.lg.jp/uploaded/attachment/25052.pdf
372030,372030128,シカハシ池,シカハシイケ,香川県,坂出市,坂出市府中町字四手2723,坂出市農林水産課,5.6,52,1.2,34.27200000,133.91300000,,https://www.city.sakaide.lg.jp/uploaded/attachment/25053.pdf
372030,372030133,新池,シンイケ,香川県,坂出市,坂出市府中町字横山2494,坂出市農林水産課,6.4,115,47,34.26900000,133.91200000,,https://www.city.sakaide.lg.jp/uploaded/attachment/25054.pdf
372030,372030148,庄松池,ショウマツイケ,香川県,坂出市,坂出市府中町3170,坂出市農林水産課,5,20,2,34.27700000,133.90400000,,https://www.city.sakaide.lg.jp/uploaded/attachment/25055.pdf
372030,372030150,イヤ谷池,イヤタニイケ,香川県,坂出市,坂出市府中町3193,坂出市農林水産課,6,80,5,34.27700000,133.90200000,,https://www.city.sakaide.lg.jp/uploaded/attachment/25056.pdf
372030,372030152,道池,ミチイケ,香川県,坂出市,坂出市府中町3279-1,坂出市農林水産課,4.9,123,15.38,34.27900000,133.89900000,,https://www.city.sakaide.lg.jp/uploaded/attachment/25057.pdf
372030,372030155,蓮池,ハスイケ,香川県,坂出市,坂出市府中町3355,坂出市農林水産課,4,50,1,34.28200000,133.89700000,,https://www.city.sakaide.lg.jp/uploaded/attachment/24922.pdf
372030,372030156,新池,シンイケ,香川県,坂出市,坂出市府中町字額大猿3358,坂出市農林水産課,5.4,66,13.1,34.28200000,133.89900000,,https://www.city.sakaide.lg.jp/uploaded/attachment/25058.pdf
372030,372030167,松池,マツイケ,香川県,坂出市,坂出市府中町4139,坂出市農林水産課,3.6,87,26.3,34.28100000,133.90900000,,https://www.city.sakaide.lg.jp/uploaded/attachment/25059.pdf
372030,372030168,黒岡裏池,クロオカウライケ,香川県,坂出市,坂出市府中町4272,坂出市農林水産課,6,40,3,34.28200000,133.90800000,,https://www.city.sakaide.lg.jp/uploaded/attachment/25093.pdf
372030,372030169,唐谷下池,イケ,香川県,坂出市,坂出市府中町字迯田原4191,坂出市農林水産課,4,141,6.5,34.28400000,133.90400000,,https://www.city.sakaide.lg.jp/uploaded/attachment/25060.pdf
372030,372030171,唐谷池,カラタニイケ,香川県,坂出市,坂出市府中町字迯田下所4545,坂出市農林水産課,11.4,55,9.1,34.28500000,133.90200000,,https://www.city.sakaide.lg.jp/uploaded/attachment/25061.pdf
372030,372030173,キトラ下池,キトラシタイケ,香川県,坂出市,坂出市府中町字迯田下所4479,坂出市農林水産課,4,40,4,34.28700000,133.90700000,,https://www.city.sakaide.lg.jp/uploaded/attachment/25062.pdf
372030,372030176,開法寺池,カイホウジイケ,香川県,坂出市,坂出市府中町字南谷5068,坂出市農林水産課,3.1,121,13.67,34.29200000,133.91700000,,https://www.city.sakaide.lg.jp/uploaded/attachment/25063.pdf
372030,372030177,小池,コイケ,香川県,坂出市,坂出市府中町字西山4746,坂出市農林水産課,7.2,56,12,34.29300000,133.91100000,,https://www.city.sakaide.lg.jp/uploaded/attachment/25064.pdf
372030,372030179,ツンボ池,ツンボイケ,香川県,坂出市,坂出市府中町5491,坂出市農林水産課,5.5,35,2.2,34.29800000,133.91000000,,https://www.city.sakaide.lg.jp/uploaded/attachment/25065.pdf
372030,372030180,前池,マエイケ,香川県,坂出市,坂出市府中町5595,坂出市農林水産課,3.5,75,1.2,34.30000000,133.91000000,,https://www.city.sakaide.lg.jp/uploaded/attachment/25066.pdf
372030,372030183,新池,シンイケ,香川県,坂出市,坂出市西庄町字醍醐1387,坂出市農林水産課,5,73,1.6,34.30600000,133.89800000,,https://www.city.sakaide.lg.jp/uploaded/attachment/25094.pdf
372030,372030184,サンマイ池,サンマイイケ,香川県,坂出市,坂出市西庄町字醍醐1399,坂出市農林水産課,4.2,77,3,34.30800000,133.89700000,,https://www.city.sakaide.lg.jp/uploaded/attachment/25095.pdf
372030,372030185,西山上池,ニシヤマカミイケ,香川県,坂出市,坂出市西庄町字醍醐1500,坂出市農林水産課,5,52,2.5,34.30900000,133.89500000,,https://www.city.sakaide.lg.jp/uploaded/attachment/25096.pdf
372030,372030186,西山下池,ニシヤマシタイケ,香川県,坂出市,坂出市西庄町字醍醐1498,坂出市農林水産課,3.5,45,1.4,34.30900000,133.89500000,,https://www.city.sakaide.lg.jp/uploaded/attachment/25097.pdf
372030,372030188,谷内池,ヤナイイケ,香川県,坂出市,坂出市谷町4004,坂出市農林水産課,4.3,83,3.5,34.30800000,133.86400000,〇,https://www.city.sakaide.lg.jp/uploaded/attachment/25207.pdf
372030,372030189,御大師池,オダイシイケ,香川県,坂出市,坂出市福江町1丁目826,坂出市農林水産課,6,162,29,34.30700000,133.86200000,〇,https://www.city.sakaide.lg.jp/uploaded/attachment/6712.pdf
372030,372030191,奥谷池,オクタニイケ,香川県,坂出市,坂出市福江町3丁目93,坂出市農林水産課,6.8,71,3.5,34.30300000,133.86400000,,https://www.city.sakaide.lg.jp/uploaded/attachment/25067.pdf
372030,372030192,八幡池（宮池）,ハチマンイケ,香川県,坂出市,坂出市八幡町2丁目2945,坂出市農林水産課,4.2,230,20,34.31200000,133.84300000,○,https://www.city.sakaide.lg.jp/uploaded/attachment/6712.pdf
372030,372030195,好井池,ヨシイイケ,香川県,坂出市,坂出市川津町春日3169,坂出市農林水産課,5,66,1.5,34.29400000,133.85600000,,https://www.city.sakaide.lg.jp/uploaded/attachment/25098.pdf
372030,372030196,そろばん池,ソロバンイケ,香川県,坂出市,坂出市川津町春日3218,坂出市農林水産課,2,280,4,34.29300000,133.85400000,,https://www.city.sakaide.lg.jp/uploaded/attachment/24931.pdf
372030,372030197,天皇池,テンノウイケ,香川県,坂出市,坂出市川津町東山2344,坂出市農林水産課,4.7,37,1.2,34.29200000,133.86100000,,https://www.city.sakaide.lg.jp/uploaded/attachment/25099.pdf
372030,372030198,川池,カワイケ,香川県,坂出市,坂出市川津町2134,坂出市農林水産課,5.4,223,54.9,34.29000000,133.86500000,○,https://www.city.sakaide.lg.jp/uploaded/attachment/10248.pdf
372030,372030201,割古池,ワリコイケ,香川県,坂出市,坂出市川津町3042,坂出市農林水産課,7.3,102,60,34.28455556,133.87380556,○,https://www.city.sakaide.lg.jp/uploaded/attachment/10248.pdf
372030,372030202,前池,マエイケ,香川県,坂出市,坂出市川津町西田1203,坂出市農林水産課,5.4,187,35,34.28700000,133.86900000,○,https://www.city.sakaide.lg.jp/uploaded/attachment/10248.pdf
372030,372030203,六地蔵池,ロクジゾウイケ,香川県,坂出市,坂出市川津町1072,坂出市農林水産課,6.9,166,89.6,34.28400000,133.86500000,○,https://www.city.sakaide.lg.jp/uploaded/attachment/10248.pdf
372030,372030204,尾池,オイケ,香川県,坂出市,坂出市川津町1285,坂出市農林水産課,5.3,590,37.5,34.29000000,133.86600000,○,https://www.city.sakaide.lg.jp/uploaded/attachment/10248.pdf
372030,372030207,７号調整池,ナナゴウチョウセイイケ,香川県,坂出市,坂出市府中町4590,坂出市農林水産課,7.2,59.5,5.16,34.28600000,133.90400000,,https://www.city.sakaide.lg.jp/uploaded/attachment/25100.pdf
372030,372030211,宮下下池,ミヤシタシタイケ,香川県,坂出市,坂出市王越町乃生字飛地3857,坂出市農林水産課,7.3,62,1.2,34.37000000,133.91200000,,https://www.city.sakaide.lg.jp/uploaded/attachment/25085.pdf
372030,372030212,宮下池,ミヤシタイケ,香川県,坂出市,坂出市王越町乃生字東分750,坂出市農林水産課,7.1,21,1,34.36600000,133.91000000,,https://www.city.sakaide.lg.jp/uploaded/attachment/25101.pdf
372030,372030213,野田上池,ノダカミイケ,香川県,坂出市,坂出市王越町乃生字東分703,坂出市農林水産課,5.2,54,1.2,34.36500000,133.90900000,,https://www.city.sakaide.lg.jp/uploaded/attachment/25102.pdf
372030,372030215,浦池,ウライケ,香川県,坂出市,坂出市加茂町字井手東800,坂出市農林水産課,4,50,1.8,34.30700000,133.91800000,,https://www.city.sakaide.lg.jp/uploaded/attachment/25103.pdf
372030,372030216,東条池,トウジョウイケ,香川県,坂出市,坂出市府中町834,坂出市農林水産課,8.3,74,3.6,34.29800000,133.92500000,,https://www.city.sakaide.lg.jp/uploaded/attachment/25068.pdf
372030,372030217,宮奥池,ミヤオクイケ,香川県,坂出市,坂出市府中町字綾坂899,坂出市農林水産課,3.7,54,3.5,34.29400000,133.92500000,,https://www.city.sakaide.lg.jp/uploaded/attachment/25069.pdf
372030,372030218,角池,カドイケ,香川県,坂出市,坂出市府中町1102,坂出市農林水産課,6.4,78,22,34.29000000,133.92500000,,https://www.city.sakaide.lg.jp/uploaded/attachment/25070.pdf
372030,372030220,大谷池,オオタニイケ,香川県,坂出市,坂出市府中町字深谷777,坂出市農林水産課,13.2,53,5.2,34.29700000,133.93000000,,https://www.city.sakaide.lg.jp/uploaded/attachment/25116.pdf
372030,372030222,長ズ池,チョウズイケ,香川県,坂出市,坂出市府中町字前谷12,坂出市農林水産課,4.2,80,1.4,34.30000000,133.93800000,,https://www.city.sakaide.lg.jp/uploaded/attachment/25071.pdf
372030,372030225,藤原池,フジワライケ,香川県,坂出市,坂出市府中町字猫山乙6086-59地先,坂出市農林水産課,2.5,10,0.2,34.28200000,133.93500000,,https://www.city.sakaide.lg.jp/uploaded/attachment/25072.pdf
372030,372030234,前池,マエイケ,香川県,坂出市,坂出市府中町1817,坂出市農林水産課,5,20,1,34.26800000,133.93200000,,https://www.city.sakaide.lg.jp/uploaded/attachment/25105.pdf
372030,372030238,黒岡池,クロオカイケ,香川県,坂出市,坂出市府中町字迯田原4284,坂出市農林水産課,3.5,40,1.5,34.28300000,133.90800000,,https://www.city.sakaide.lg.jp/uploaded/attachment/25106.pdf
372030,372030239,小谷池,コタニイケ,香川県,坂出市,坂出市府中町字迯田原4369,坂出市農林水産課,7,40,5,34.28400000,133.90700000,,https://www.city.sakaide.lg.jp/uploaded/attachment/25073.pdf
372030,372030240,山中上池,ヤマナカウワイケ,香川県,坂出市,坂出市府中町4032,坂出市農林水産課,3.5,45,1,34.28400000,133.91400000,,https://www.city.sakaide.lg.jp/uploaded/attachment/25074.pdf
372030,372030241,山中下池,ヤマナカシタイケ,香川県,坂出市,坂出市府中町4034,坂出市農林水産課,6.5,60,4,34.28500000,133.91400000,,https://www.city.sakaide.lg.jp/uploaded/attachment/25075.pdf
372030,372030243,水本池,ミズモトイケ,香川県,坂出市,坂出市府中町5598,坂出市農林水産課,5.5,55,2,34.30000000,133.90900000,,https://www.city.sakaide.lg.jp/uploaded/attachment/24923.pdf
372030,372030246,砂野池,サノイケ,香川県,坂出市,坂出市府中町5836,坂出市農林水産課,4.25,28,3.33,34.30300000,133.90400000,,https://www.city.sakaide.lg.jp/uploaded/attachment/25076.pdf
372030,372030248,椎池,シイイケ,香川県,坂出市,坂出市府中町5868,坂出市農林水産課,7.5,70,1.5,34.30500000,133.90500000,,https://www.city.sakaide.lg.jp/uploaded/attachment/25077.pdf
372030,372030249,十三郎池,ジュウサブロウイケ,香川県,坂出市,坂出市府中町5895,坂出市農林水産課,5.5,70,3,34.30500000,133.90200000,,https://www.city.sakaide.lg.jp/uploaded/attachment/25078.pdf
372030,372030250,オタミ池,オタミイケ,香川県,坂出市,坂出市府中町5924,坂出市農林水産課,4.4,73,1.8,34.30600000,133.90100000,,https://www.city.sakaide.lg.jp/uploaded/attachment/25079.pdf
372030,372030253,末沢下池,マツザワシタイケ,香川県,坂出市,坂出市西庄町字醍醐1347,坂出市農林水産課,3,60,1.2,34.30700000,133.90000000,,https://www.city.sakaide.lg.jp/uploaded/attachment/25107.pdf
372030,372030254,末沢池,スエザワイケ,香川県,坂出市,坂出市西庄町字醍醐1359,坂出市農林水産課,4,45,1.1,34.30700000,133.89900000,,https://www.city.sakaide.lg.jp/uploaded/attachment/25108.pdf
372030,372030255,山下池,ヤマシタイケ,香川県,坂出市,坂出市西庄町字醍醐1504-20,坂出市農林水産課,5,40,1.5,34.30700000,133.89600000,,https://www.city.sakaide.lg.jp/uploaded/attachment/24925.pdf
372030,372030256,山下大池,ヤマシタオオイケ,香川県,坂出市,坂出市西庄町字醍醐1472,坂出市農林水産課,5,66,3,34.30900000,133.89600000,,https://www.city.sakaide.lg.jp/uploaded/attachment/25109.pdf
372030,372030257,ムネ池,ムネイケ,香川県,坂出市,坂出市西庄町字醍醐1487,坂出市農林水産課,5,40,1.6,34.30900000,133.89600000,,https://www.city.sakaide.lg.jp/uploaded/attachment/25110.pdf
372030,372030259,別宮池,ベックウイケ,香川県,坂出市,坂出市西庄町字真伏1586,坂出市農林水産課,6.4,64,3.2,34.31100000,133.88900000,,https://www.city.sakaide.lg.jp/uploaded/attachment/25111.pdf
372030,372030260,本条池,ホンジョウイケ,香川県,坂出市,坂出市西庄町字下々所930,坂出市農林水産課,5.7,106,5,34.31100000,133.88800000,,https://www.city.sakaide.lg.jp/uploaded/attachment/25080.pdf
372030,372030261,向池,ムカイイケ,香川県,坂出市,坂出市西庄町字下々所907,坂出市農林水産課,5,105,9,34.31000000,133.88600000,,https://www.city.sakaide.lg.jp/uploaded/attachment/25081.pdf
372030,372030263,滝池,タキイケ,香川県,坂出市,坂出市西庄町字下所882,坂出市農林水産課,6.2,61,2.05,34.31000000,133.88400000,,https://www.city.sakaide.lg.jp/uploaded/attachment/25112.pdf
372030,372030264,山下上池,ヤマシタカミイケ,香川県,坂出市,坂出市西庄町字八十場1691,坂出市農林水産課,5.8,52,1.8,34.30900000,133.88300000,,https://www.city.sakaide.lg.jp/uploaded/attachment/25113.pdf
372030,372030265,用池,ヨウイケ,香川県,坂出市,坂出市西庄町字八十場1688,坂出市農林水産課,5.5,54,4.8,34.30900000,133.88300000,,https://www.city.sakaide.lg.jp/uploaded/attachment/25114.pdf
372030,372030266,油池,アブライケ,香川県,坂出市,坂出市西庄町字長台1615,坂出市農林水産課,6,70,5,34.30500000,133.88300000,,https://www.city.sakaide.lg.jp/uploaded/attachment/25082.pdf
372030,372030268,上池,カミイケ,香川県,坂出市,坂出市西庄町字八十場1650,坂出市農林水産課,6,105,13,34.30600000,133.88100000,,https://www.city.sakaide.lg.jp/uploaded/attachment/25083.pdf
372030,372030270,猪熊池,イノクマイケ,香川県,坂出市,坂出市西庄町字八十場1718,坂出市農林水産課,5.2,73,2.1,34.31200000,133.88200000,,https://www.city.sakaide.lg.jp/uploaded/attachment/25115.pdf
372030,372030271,富士見下池,フジミシタイケ,香川県,坂出市,坂出市富士見町2丁目1322,坂出市農林水産課,3.4,32,0.35,34.30300000,133.84800000,,https://www.city.sakaide.lg.jp/uploaded/attachment/24926.pdf
372030,372030273,大谷池,オオタニイケ,香川県,坂出市,坂出市川津町常山1836,坂出市農林水産課,5,38,2.5,34.29600000,133.86900000,,https://www.city.sakaide.lg.jp/uploaded/attachment/25104.pdf
372030,372030274,四角上池,シカクウワイケ,香川県,坂出市,坂出市川津町折居1590,坂出市農林水産課,4.5,50,1,34.28788889,133.87219444,,https://www.city.sakaide.lg.jp/uploaded/attachment/25117.pdf
372030,372030275,長池,ナガイケ,香川県,坂出市,坂出市川津町5549,坂出市農林水産課,3.1,64,1.4,34.28300000,133.85000000,,https://www.city.sakaide.lg.jp/uploaded/attachment/25084.pdf
372030,372030279,３号調整池,サンゴウチョウセイイケ,香川県,坂出市,坂出市府中町4715-1,坂出市農林水産課,7.25,99,12.165,34.29300000,133.90900000,,https://www.city.sakaide.lg.jp/uploaded/attachment/25118.pdf
372030,372030280,６号調整池,ロクゴウチョウセイケ,香川県,坂出市,坂出市府中町4622,坂出市農林水産課,5.55,45,2.94,34.28600000,133.90900000,,https://www.city.sakaide.lg.jp/uploaded/attachment/25119.pdf
372030,372030309,鎌田東下池,カマダヒガシシタイケ,香川県,坂出市,坂出市大池町264-1,坂出市農林水産課,4.5,37,0.1,34.29800000,133.85700000,,https://www.city.sakaide.lg.jp/uploaded/attachment/24924.pdf
